PersonLopNr,income,profession,gender,education,city,uni_id,ethnicity,parental_income_percentile7,age,year,cohort
1000000,2465.36,3318,m,337,Umeå,24,NW,28,26,2023,1997
1000000,2580.61,3318,m,337,Umeå,24,NW,28,27,2024,1997
1000000,2701.24,3318,m,337,Umeå,24,NW,28,28,2025,1997
1000001,5016.05,3323,m,729,Malmo,8,SE,11,52,2018,1966
1000002,8426.78,3327,m,729,Malmo,26,A,75,20,1990,1970
1000002,8628.1,3327,m,729,Malmo,26,A,75,21,1991,1970
1000002,8834.24,3327,m,729,Malmo,26,A,75,22,1992,1970
1000002,9045.29,3327,m,729,Malmo,26,A,75,23,1993,1970
1000003,5980.89,3315,m,441,Malmö,13,W,13,26,2002,1976
1000003,6188.66,3315,m,441,Malmö,13,W,13,27,2003,1976
1000003,6403.65,3315,m,441,Malmö,13,W,13,28,2004,1976
1000004,4536.73,3345,m,536,Orebro,10,A,10,60,2019,1959
1000004,4689.38,3345,m,536,Orebro,10,A,10,61,2020,1959
1000004,4847.16,3345,m,536,Orebro,10,A,10,62,2021,1959
1000005,8632.26,3324,m,337,Norrkoping,28,W,10,26,2004,1978
1000005,8878.59,3324,m,337,Norrkoping,28,W,10,27,2005,1978
1000005,9131.94,3324,m,337,Norrkoping,28,W,10,28,2006,1978
1000006,2823.79,3327,f,441,Malmo,23,NW,85,63,2021,1958
1000007,6779.43,3334,m,729,Umeå,9,NW,59,60,2024,1964
1000008,5446.02,3335,f,337,Gothenburg,9,SE,40,24,1993,1969
1000008,5697.0,3335,f,337,Gothenburg,9,SE,40,25,1994,1969
1000008,5959.54,3335,f,337,Gothenburg,9,SE,40,26,1995,1969
1000008,6234.19,3335,f,337,Gothenburg,9,SE,40,27,1996,1969
1000008,6521.49,3335,f,337,Gothenburg,9,SE,40,28,1997,1969
1000009,7391.76,3339,f,441,Norrkoping,5,A,82,36,1988,1952
1000009,7691.89,3339,f,441,Norrkoping,5,A,82,37,1989,1952
1000010,8661.41,3333,f,729,Uppsala,8,AS,51,28,2012,1984
1000010,8780.33,3333,f,729,Uppsala,8,AS,51,29,2013,1984
1000010,8900.88,3333,f,729,Uppsala,8,AS,51,30,2014,1984
1000010,9023.09,3333,f,729,Uppsala,8,AS,51,31,2015,1984
1000011,3975.33,3337,m,337,Stockholm,20,NW,87,24,2004,1980
1000011,4112.14,3337,m,337,Stockholm,20,NW,87,25,2005,1980
1000011,4253.66,3337,m,337,Stockholm,20,NW,87,26,2006,1980
1000011,4400.05,3337,m,337,Stockholm,20,NW,87,27,2007,1980
1000012,2404.93,3353,f,729,Gothenburg,24,AS,1,27,2023,1996
1000012,2503.17,3353,f,729,Gothenburg,24,AS,1,28,2024,1996
1000012,2605.42,3353,f,729,Gothenburg,24,AS,1,29,2025,1996
1000013,11950.27,3310,f,337,Gothenburg,24,NW,58,36,2012,1976
1000013,12318.0,3310,f,337,Gothenburg,24,NW,58,37,2013,1976
1000014,7441.98,3322,m,640,Sollentuna,5,AS,77,43,1990,1947
1000014,7809.0,3322,m,640,Sollentuna,5,AS,77,44,1991,1947
1000014,8194.12,3322,m,640,Sollentuna,5,AS,77,45,1992,1947
1000014,8598.23,3322,m,640,Sollentuna,5,AS,77,46,1993,1947
1000014,9022.28,3322,m,640,Sollentuna,5,AS,77,47,1994,1947
1000015,4833.43,3333,m,729,Gothenburg,29,SE,14,39,1995,1956
1000016,20831.23,3341,m,729,Malmö,27,SE,93,24,2014,1990
1000016,21148.92,3341,m,729,Malmö,27,SE,93,25,2015,1990
1000017,8392.68,3337,f,729,Stockholm,7,AS,77,54,2024,1970
1000018,11784.27,3343,f,536,Malmö,15,W,56,27,1995,1968
1000018,11933.22,3343,f,536,Malmö,15,W,56,28,1996,1968
1000019,7776.66,3310,m,729,Linkoping,3,AS,28,65,2020,1955
1000020,21758.86,3342,m,337,Upplands Vasby,8,W,9,37,2022,1985
1000020,22166.69,3342,m,337,Upplands Vasby,8,W,9,38,2023,1985
1000020,22582.16,3342,m,337,Upplands Vasby,8,W,9,39,2024,1985
1000020,23005.41,3342,m,337,Upplands Vasby,8,W,9,40,2025,1985
1000021,20058.52,3340,m,729,Linkoping,26,NW,100,46,1992,1946
1000022,6335.13,3356,m,536,Malmo,2,A,59,63,2021,1958
1000022,6424.04,3356,m,536,Malmo,2,A,59,64,2022,1958
1000022,6514.2,3356,m,536,Malmo,2,A,59,65,2023,1958
1000023,8782.04,3322,f,640,Huddinge,7,SE,31,54,2008,1954
1000023,9021.26,3322,f,640,Huddinge,7,SE,31,55,2009,1954
1000024,9069.08,3345,f,536,Gothenburg,4,SE,56,23,2021,1998
1000024,9471.74,3345,f,536,Gothenburg,4,SE,56,24,2022,1998
1000024,9892.27,3345,f,536,Gothenburg,4,SE,56,25,2023,1998
1000024,10331.47,3345,f,536,Gothenburg,4,SE,56,26,2024,1998
1000024,10790.17,3345,f,536,Gothenburg,4,SE,56,27,2025,1998
1000025,19712.39,3323,m,441,Stockholm,28,A,61,45,1983,1938
1000025,20214.62,3323,m,441,Stockholm,28,A,61,46,1984,1938
1000026,3753.33,3337,f,640,Malmö,23,A,36,55,2022,1967
1000026,3814.59,3337,f,640,Malmö,23,A,36,56,2023,1967
1000026,3876.86,3337,f,640,Malmö,23,A,36,57,2024,1967
1000026,3940.15,3337,f,640,Malmö,23,A,36,58,2025,1967
1000027,9566.42,3344,f,441,Malmö,2,AS,94,40,1983,1943
1000028,8916.21,3313,f,729,Alingsås,17,AS,20,25,1991,1966
1000029,2407.12,3347,m,441,Malmo,20,AS,31,22,2019,1997
1000030,2367.23,3323,f,729,Linkoping,22,W,33,65,2000,1935
1000031,1994.83,3330,f,536,Stockholm,30,W,58,24,1980,1956
1000031,2065.57,3330,f,536,Stockholm,30,W,58,25,1981,1956
1000031,2138.82,3330,f,536,Stockholm,30,W,58,26,1982,1956
1000031,2214.66,3330,f,536,Stockholm,30,W,58,27,1983,1956
1000032,4808.58,3318,m,337,Orebro,30,AS,33,42,1984,1942
1000032,4929.23,3318,m,337,Orebro,30,AS,33,43,1985,1942
1000033,9051.56,3351,m,536,Sollentuna,17,W,78,20,2022,2002
1000033,9489.7,3351,m,536,Sollentuna,17,W,78,21,2023,2002
1000033,9949.05,3351,m,536,Sollentuna,17,W,78,22,2024,2002
1000034,20030.5,3345,m,441,Gothenburg,5,SE,95,37,1998,1961
1000034,20402.99,3345,m,441,Gothenburg,5,SE,95,38,1999,1961
1000034,20782.4,3345,m,441,Gothenburg,5,SE,95,39,2000,1961
1000034,21168.87,3345,m,441,Gothenburg,5,SE,95,40,2001,1961
1000034,21562.53,3345,m,441,Gothenburg,5,SE,95,41,2002,1961
1000035,4876.03,3341,f,441,Lund,9,W,64,23,1985,1962
1000035,5091.16,3341,f,441,Lund,9,W,64,24,1986,1962
1000035,5315.78,3341,f,441,Lund,9,W,64,25,1987,1962
1000035,5550.31,3341,f,441,Lund,9,W,64,26,1988,1962
1000036,18952.82,3326,m,337,Gothenburg,6,NW,81,48,2015,1967
1000036,19577.66,3326,m,337,Gothenburg,6,NW,81,49,2016,1967
1000036,20223.1,3326,m,337,Gothenburg,6,NW,81,50,2017,1967
1000036,20889.82,3326,m,337,Gothenburg,6,NW,81,51,2018,1967
1000037,3339.27,3312,m,337,Malmö,27,NW,69,43,2017,1974
1000037,3392.87,3312,m,337,Malmö,27,NW,69,44,2018,1974
1000037,3447.33,3312,m,337,Malmö,27,NW,69,45,2019,1974
1000037,3502.66,3312,m,337,Malmö,27,NW,69,46,2020,1974
1000037,3558.88,3312,m,337,Malmö,27,NW,69,47,2021,1974
1000038,2282.11,3323,m,337,Gothenburg,22,SE,45,35,2022,1987
1000039,4976.89,3357,f,729,Växjö,5,A,79,35,1990,1955
1000039,5207.3,3357,f,729,Växjö,5,A,79,36,1991,1955
1000040,9664.94,3336,m,441,Umeå,26,W,100,62,1995,1933
1000040,9824.43,3336,m,441,Umeå,26,W,100,63,1996,1933
1000040,9986.56,3336,m,441,Umeå,26,W,100,64,1997,1933
1000041,6416.18,3322,m,536,Växjö,27,A,28,49,2002,1953
1000041,6696.9,3322,m,536,Växjö,27,A,28,50,2003,1953
1000041,6989.9,3322,m,536,Växjö,27,A,28,51,2004,1953
1000042,2287.8,3331,m,441,Stockholm,9,NW,51,24,1997,1973
1000042,2370.86,3331,m,441,Stockholm,9,NW,51,25,1998,1973
1000042,2456.92,3331,m,441,Stockholm,9,NW,51,26,1999,1973
1000043,5512.37,3326,f,729,Gothenburg,6,SE,14,57,1996,1939
1000044,3138.8,3348,m,729,Uppsala,17,W,55,27,2004,1977
1000044,3194.54,3348,m,729,Uppsala,17,W,55,28,2005,1977
1000044,3251.27,3348,m,729,Uppsala,17,W,55,29,2006,1977
1000044,3309.01,3348,m,729,Uppsala,17,W,55,30,2007,1977
1000044,3367.77,3348,m,729,Uppsala,17,W,55,31,2008,1977
1000045,13523.53,3356,m,536,Stockholm,24,AS,87,62,1992,1930
1000045,13897.14,3356,m,536,Stockholm,24,AS,87,63,1993,1930
1000045,14281.07,3356,m,536,Stockholm,24,AS,87,64,1994,1930
1000046,9200.67,3329,f,729,Gothenburg,17,SE,92,39,2022,1983
1000046,9415.19,3329,f,729,Gothenburg,17,SE,92,40,2023,1983
1000046,9634.7,3329,f,729,Gothenburg,17,SE,92,41,2024,1983
1000046,9859.34,3329,f,729,Gothenburg,17,SE,92,42,2025,1983
1000047,4235.73,3334,f,729,Stockholm,22,A,85,31,2019,1988
1000047,4330.11,3334,f,729,Stockholm,22,A,85,32,2020,1988
1000047,4426.6,3334,f,729,Stockholm,22,A,85,33,2021,1988
1000047,4525.24,3334,f,729,Stockholm,22,A,85,34,2022,1988
1000047,4626.07,3334,f,729,Stockholm,22,A,85,35,2023,1988
1000048,6505.4,3347,m,640,Gothenburg,20,A,100,61,2000,1939
1000048,6687.93,3347,m,640,Gothenburg,20,A,100,62,2001,1939
1000048,6875.57,3347,m,640,Gothenburg,20,A,100,63,2002,1939
1000048,7068.49,3347,m,640,Gothenburg,20,A,100,64,2003,1939
1000049,4054.51,3315,m,729,Uppsala,10,NW,84,52,2022,1970
1000049,4110.59,3315,m,729,Uppsala,10,NW,84,53,2023,1970
1000049,4167.44,3315,m,729,Uppsala,10,NW,84,54,2024,1970
1000050,7190.29,3311,m,640,Gothenburg,2,NW,18,35,2010,1975
1000050,7513.64,3311,m,640,Gothenburg,2,NW,18,36,2011,1975
1000050,7851.54,3311,m,640,Gothenburg,2,NW,18,37,2012,1975
1000050,8204.64,3311,m,640,Gothenburg,2,NW,18,38,2013,1975
1000050,8573.61,3311,m,640,Gothenburg,2,NW,18,39,2014,1975
1000051,13419.07,3355,m,536,Malmo,23,AS,24,44,2011,1967
1000051,13686.86,3355,m,536,Malmo,23,AS,24,45,2012,1967
1000051,13960.0,3355,m,536,Malmo,23,AS,24,46,2013,1967
1000051,14238.58,3355,m,536,Malmo,23,AS,24,47,2014,1967
1000052,3515.23,3354,m,337,Eskilstuna,17,NW,22,49,1983,1934
1000052,3586.13,3354,m,337,Eskilstuna,17,NW,22,50,1984,1934
1000052,3658.45,3354,m,337,Eskilstuna,17,NW,22,51,1985,1934
1000052,3732.24,3354,m,337,Eskilstuna,17,NW,22,52,1986,1934
1000052,3807.51,3354,m,337,Eskilstuna,17,NW,22,53,1987,1934
1000053,12210.98,3343,m,536,Stockholm,18,A,85,58,2000,1942
1000053,12639.69,3343,m,536,Stockholm,18,A,85,59,2001,1942
1000053,13083.45,3343,m,536,Stockholm,18,A,85,60,2002,1942
1000053,13542.79,3343,m,536,Stockholm,18,A,85,61,2003,1942
1000054,5018.8,3340,f,729,Uppsala,15,NW,95,36,1995,1959
1000054,5226.92,3340,f,729,Uppsala,15,NW,95,37,1996,1959
1000054,5443.68,3340,f,729,Uppsala,15,NW,95,38,1997,1959
1000055,4133.28,3328,f,441,Gothenburg,8,SE,91,37,2001,1964
1000055,4326.64,3328,f,441,Gothenburg,8,SE,91,38,2002,1964
1000055,4529.05,3328,f,441,Gothenburg,8,SE,91,39,2003,1964
1000056,7319.55,3319,m,441,Stockholm,23,A,88,33,1984,1951
1000056,7514.64,3319,m,441,Stockholm,23,A,88,34,1985,1951
1000056,7714.93,3319,m,441,Stockholm,23,A,88,35,1986,1951
1000056,7920.55,3319,m,441,Stockholm,23,A,88,36,1987,1951
1000057,3447.43,3359,f,536,Stockholm,19,A,49,64,1981,1917
1000057,3549.15,3359,f,536,Stockholm,19,A,49,65,1982,1917
1000058,3971.97,3357,f,640,Borås,24,A,68,54,2018,1964
1000058,4091.01,3357,f,640,Borås,24,A,68,55,2019,1964
1000059,1904.29,3352,f,536,Vasteras,22,A,43,45,1990,1945
1000059,1995.49,3352,f,536,Vasteras,22,A,43,46,1991,1945
1000059,2091.06,3352,f,536,Vasteras,22,A,43,47,1992,1945
1000059,2191.21,3352,f,536,Vasteras,22,A,43,48,1993,1945
1000060,19285.86,3351,m,536,Helsingborg,14,SE,10,28,2009,1981
1000060,19518.91,3351,m,536,Helsingborg,14,SE,10,29,2010,1981
1000061,6765.45,3358,f,640,Stockholm,29,W,43,44,1997,1953
1000061,6902.75,3358,f,640,Stockholm,29,W,43,45,1998,1953
1000061,7042.83,3358,f,640,Stockholm,29,W,43,46,1999,1953
1000061,7185.76,3358,f,640,Stockholm,29,W,43,47,2000,1953
1000062,5191.38,3332,m,536,Stockholm,8,AS,6,61,1984,1923
1000063,9338.46,3319,m,441,Stockholm,8,SE,79,28,2010,1982
1000064,6481.39,3348,m,536,Lund,20,W,21,65,1987,1922
1000065,4779.89,3353,f,337,Linkoping,30,W,73,44,2005,1961
1000065,4842.63,3353,f,337,Linkoping,30,W,73,45,2006,1961
1000066,9636.49,3348,m,337,Lund,26,W,87,27,2016,1989
1000067,8824.44,3342,f,729,Uppsala,21,W,8,41,1980,1939
1000067,9211.18,3342,f,729,Uppsala,21,W,8,42,1981,1939
1000067,9614.88,3342,f,729,Uppsala,21,W,8,43,1982,1939
1000067,10036.26,3342,f,729,Uppsala,21,W,8,44,1983,1939
1000068,6037.39,3319,m,536,Malmö,14,A,90,31,2013,1982
1000068,6250.17,3319,m,536,Malmö,14,A,90,32,2014,1982
1000068,6470.45,3319,m,536,Malmö,14,A,90,33,2015,1982
1000069,4672.85,3330,f,536,Uppsala,28,AS,34,35,1985,1950
1000069,4889.23,3330,f,536,Uppsala,28,AS,34,36,1986,1950
1000069,5115.62,3330,f,536,Uppsala,28,AS,34,37,1987,1950
1000070,4640.97,3311,m,536,Linkoping,16,A,43,40,1991,1951
1000070,4727.56,3311,m,536,Linkoping,16,A,43,41,1992,1951
1000070,4815.76,3311,m,536,Linkoping,16,A,43,42,1993,1951
1000070,4905.6,3311,m,536,Linkoping,16,A,43,43,1994,1951
1000071,1691.87,3327,f,640,Gothenburg,18,AS,89,20,2013,1993
1000071,1714.74,3327,f,640,Gothenburg,18,AS,89,21,2014,1993
1000072,2158.51,3340,f,536,Linkoping,21,NW,88,65,2011,1946
1000073,16393.64,3325,m,337,Gothenburg,10,A,88,62,2017,1955
1000073,16874.84,3325,m,337,Gothenburg,10,A,88,63,2018,1955
1000073,17370.17,3325,m,337,Gothenburg,10,A,88,64,2019,1955
1000074,14438.72,3332,f,536,Malmö,23,AS,42,49,1997,1948
1000074,14731.23,3332,f,536,Malmö,23,AS,42,50,1998,1948
1000074,15029.66,3332,f,536,Malmö,23,AS,42,51,1999,1948
1000075,7024.74,3354,m,441,Gothenburg,6,AS,97,32,1993,1961
1000075,7174.25,3354,m,441,Gothenburg,6,AS,97,33,1994,1961
1000075,7326.94,3354,m,441,Gothenburg,6,AS,97,34,1995,1961
1000075,7482.88,3354,m,441,Gothenburg,6,AS,97,35,1996,1961
1000076,6898.09,3333,f,337,Sollentuna,6,W,29,39,1980,1941
1000076,7002.78,3333,f,337,Sollentuna,6,W,29,40,1981,1941
1000076,7109.07,3333,f,337,Sollentuna,6,W,29,41,1982,1941
1000076,7216.96,3333,f,337,Sollentuna,6,W,29,42,1983,1941
1000076,7326.5,3333,f,337,Sollentuna,6,W,29,43,1984,1941
1000077,7972.41,3358,m,337,Linkoping,16,NW,81,26,1980,1954
1000077,8144.64,3358,m,337,Linkoping,16,NW,81,27,1981,1954
1000077,8320.59,3358,m,337,Linkoping,16,NW,81,28,1982,1954
1000077,8500.35,3358,m,337,Linkoping,16,NW,81,29,1983,1954
1000077,8683.99,3358,m,337,Linkoping,16,NW,81,30,1984,1954
1000078,45026.49,3340,f,536,Gothenburg,4,SE,32,24,2005,1981
1000078,45613.98,3340,f,536,Gothenburg,4,SE,32,25,2006,1981
1000078,46209.13,3340,f,536,Gothenburg,4,SE,32,26,2007,1981
1000078,46812.06,3340,f,536,Gothenburg,4,SE,32,27,2008,1981
1000079,15562.18,3315,m,441,Stockholm,8,AS,38,27,2015,1988
1000079,16104.46,3315,m,441,Stockholm,8,AS,38,28,2016,1988
1000079,16665.63,3315,m,441,Stockholm,8,AS,38,29,2017,1988
1000079,17246.37,3315,m,441,Stockholm,8,AS,38,30,2018,1988
1000080,7287.0,3347,m,729,Malmo,14,A,38,39,2016,1977
1000080,7377.98,3347,m,729,Malmo,14,A,38,40,2017,1977
1000080,7470.11,3347,m,729,Malmo,14,A,38,41,2018,1977
1000080,7563.39,3347,m,729,Malmo,14,A,38,42,2019,1977
1000080,7657.83,3347,m,729,Malmo,14,A,38,43,2020,1977
1000081,3947.22,3315,m,441,Jönköping,6,W,84,35,1991,1956
1000081,3998.88,3315,m,441,Jönköping,6,W,84,36,1992,1956
1000081,4051.21,3315,m,441,Jönköping,6,W,84,37,1993,1956
1000081,4104.23,3315,m,441,Jönköping,6,W,84,38,1994,1956
1000081,4157.95,3315,m,441,Jönköping,6,W,84,39,1995,1956
1000082,3071.28,3328,m,536,Uppsala,2,AS,60,34,1998,1964
1000082,3190.61,3328,m,536,Uppsala,2,AS,60,35,1999,1964
1000082,3314.59,3328,m,536,Uppsala,2,AS,60,36,2000,1964
1000083,6097.69,3350,f,337,Lund,19,W,100,62,1992,1930
1000083,6187.32,3350,f,337,Lund,19,W,100,63,1993,1930
1000083,6278.26,3350,f,337,Lund,19,W,100,64,1994,1930
1000083,6370.53,3350,f,337,Lund,19,W,100,65,1995,1930
1000084,4553.09,3313,m,441,Upplands Vasby,6,NW,9,39,2018,1979
1000084,4771.47,3313,m,441,Upplands Vasby,6,NW,9,40,2019,1979
1000084,5000.32,3313,m,441,Upplands Vasby,6,NW,9,41,2020,1979
1000084,5240.14,3313,m,441,Upplands Vasby,6,NW,9,42,2021,1979
1000084,5491.47,3313,m,441,Upplands Vasby,6,NW,9,43,2022,1979
1000085,2125.36,3335,f,337,Uppsala,9,W,89,52,2014,1962
1000085,2184.65,3335,f,337,Uppsala,9,W,89,53,2015,1962
1000085,2245.58,3335,f,337,Uppsala,9,W,89,54,2016,1962
1000085,2308.21,3335,f,337,Uppsala,9,W,89,55,2017,1962
1000086,4363.56,3311,m,536,Umeå,3,AS,32,34,2023,1989
1000086,4512.15,3311,m,536,Umeå,3,AS,32,35,2024,1989
1000086,4665.79,3311,m,536,Umeå,3,AS,32,36,2025,1989
1000087,3823.9,3343,m,640,Linkoping,21,NW,60,48,1997,1949
1000087,4019.46,3343,m,640,Linkoping,21,NW,60,49,1998,1949
1000088,14876.37,3336,f,536,Malmö,11,A,44,40,2022,1982
1000089,13436.38,3352,m,640,Malmo,13,A,36,55,1982,1927
1000089,13619.31,3352,m,640,Malmo,13,A,36,56,1983,1927
1000089,13804.72,3352,m,640,Malmo,13,A,36,57,1984,1927
1000089,13992.66,3352,m,640,Malmo,13,A,36,58,1985,1927
1000090,8036.92,3310,f,640,Stockholm,22,A,65,54,2009,1955
1000090,8135.31,3310,f,640,Stockholm,22,A,65,55,2010,1955
1000090,8234.91,3310,f,640,Stockholm,22,A,65,56,2011,1955
1000090,8335.72,3310,f,640,Stockholm,22,A,65,57,2012,1955
1000091,16494.37,3313,f,729,Borås,7,A,97,37,2015,1978
1000091,17289.96,3313,f,729,Borås,7,A,97,38,2016,1978
1000092,8037.71,3355,f,536,Stockholm,6,AS,30,39,2015,1976
1000093,3318.75,3317,f,337,Gothenburg,21,SE,59,29,2011,1982
1000093,3421.03,3317,f,337,Gothenburg,21,SE,59,30,2012,1982
1000093,3526.47,3317,f,337,Gothenburg,21,SE,59,31,2013,1982
1000094,11698.37,3339,f,536,Sollentuna,18,A,31,29,2004,1975
1000094,12259.78,3339,f,536,Sollentuna,18,A,31,30,2005,1975
1000095,8728.48,3342,m,337,Gothenburg,9,A,43,20,1998,1978
1000095,9116.54,3342,m,337,Gothenburg,9,A,43,21,1999,1978
1000095,9521.85,3342,m,337,Gothenburg,9,A,43,22,2000,1978
1000096,2944.91,3331,f,441,Uppsala,18,A,44,54,2004,1950
1000096,3087.59,3331,f,441,Uppsala,18,A,44,55,2005,1950
1000096,3237.19,3331,f,441,Uppsala,18,A,44,56,2006,1950
1000096,3394.03,3331,f,441,Uppsala,18,A,44,57,2007,1950
1000097,6444.24,3336,m,441,Linkoping,2,NW,99,40,2010,1970
1000097,6610.3,3336,m,441,Linkoping,2,NW,99,41,2011,1970
1000097,6780.65,3336,m,441,Linkoping,2,NW,99,42,2012,1970
1000097,6955.38,3336,m,441,Linkoping,2,NW,99,43,2013,1970
1000098,4892.68,3347,m,536,Malmö,11,NW,64,26,2008,1982
1000099,2139.43,3319,f,337,Umeå,3,A,83,50,1996,1946
1000099,2215.48,3319,f,337,Umeå,3,A,83,51,1997,1946
1000099,2294.24,3319,f,337,Umeå,3,A,83,52,1998,1946
1000100,7093.31,3330,f,337,Tumba,21,AS,48,65,2011,1946
1000101,22011.4,3357,m,441,Jönköping,3,W,29,47,1986,1939
1000102,2395.15,3330,f,441,Lund,26,SE,5,23,1998,1975
1000102,2455.76,3330,f,441,Lund,26,SE,5,24,1999,1975
1000102,2517.92,3330,f,441,Lund,26,SE,5,25,2000,1975
1000103,9771.91,3321,m,441,Orebro,6,AS,87,31,1985,1954
1000103,10219.99,3321,m,441,Orebro,6,AS,87,32,1986,1954
1000103,10688.62,3321,m,441,Orebro,6,AS,87,33,1987,1954
1000103,11178.73,3321,m,441,Orebro,6,AS,87,34,1988,1954
1000103,11691.32,3321,m,441,Orebro,6,AS,87,35,1989,1954
1000104,4230.06,3339,m,536,Alingsås,21,NW,29,36,2009,1973
1000104,4388.07,3339,m,536,Alingsås,21,NW,29,37,2010,1973
1000104,4551.98,3339,m,536,Alingsås,21,NW,29,38,2011,1973
1000105,4038.11,3338,f,640,Norrkoping,12,NW,9,57,1999,1942
1000105,4192.88,3338,f,640,Norrkoping,12,NW,9,58,2000,1942
1000105,4353.59,3338,f,640,Norrkoping,12,NW,9,59,2001,1942
1000105,4520.46,3338,f,640,Norrkoping,12,NW,9,60,2002,1942
1000106,5625.38,3316,f,640,Stockholm,8,A,61,44,2016,1972
1000106,5814.07,3316,f,640,Stockholm,8,A,61,45,2017,1972
1000106,6009.09,3316,f,640,Stockholm,8,A,61,46,2018,1972
1000107,3428.08,3310,f,337,Malmö,19,A,35,63,1983,1920
1000107,3567.3,3310,f,337,Malmö,19,A,35,64,1984,1920
1000107,3712.17,3310,f,337,Malmö,19,A,35,65,1985,1920
1000108,5676.35,3350,f,441,Helsingborg,7,W,28,59,1996,1937
1000108,5879.3,3350,f,441,Helsingborg,7,W,28,60,1997,1937
1000109,3710.87,3333,m,640,Eskilstuna,24,SE,74,28,1985,1957
1000109,3797.47,3333,m,640,Eskilstuna,24,SE,74,29,1986,1957
1000109,3886.09,3333,m,640,Eskilstuna,24,SE,74,30,1987,1957
1000110,7801.41,3343,f,441,Stockholm,17,AS,46,37,1990,1953
1000110,8173.25,3343,f,441,Stockholm,17,AS,46,38,1991,1953
1000110,8562.81,3343,f,441,Stockholm,17,AS,46,39,1992,1953
1000111,4780.18,3339,f,640,Borås,3,W,14,29,1994,1965
1000111,5018.69,3339,f,640,Borås,3,W,14,30,1995,1965
1000111,5269.1,3339,f,640,Borås,3,W,14,31,1996,1965
1000111,5532.01,3339,f,640,Borås,3,W,14,32,1997,1965
1000112,3805.37,3344,f,337,Eskilstuna,4,SE,33,49,2003,1954
1000112,3934.54,3344,f,337,Eskilstuna,4,SE,33,50,2004,1954
1000112,4068.1,3344,f,337,Eskilstuna,4,SE,33,51,2005,1954
1000113,2543.02,3349,f,337,Norrkoping,29,A,3,55,2000,1945
1000113,2591.43,3349,f,337,Norrkoping,29,A,3,56,2001,1945
1000113,2640.75,3349,f,337,Norrkoping,29,A,3,57,2002,1945
1000113,2691.01,3349,f,337,Norrkoping,29,A,3,58,2003,1945
1000113,2742.23,3349,f,337,Norrkoping,29,A,3,59,2004,1945
1000114,5276.64,3336,m,536,Upplands Vasby,4,W,83,28,1982,1954
1000115,12941.55,3318,f,536,Stockholm,13,NW,68,49,2003,1954
1000115,13292.61,3318,f,536,Stockholm,13,NW,68,50,2004,1954
1000115,13653.19,3318,f,536,Stockholm,13,NW,68,51,2005,1954
1000115,14023.55,3318,f,536,Stockholm,13,NW,68,52,2006,1954
1000115,14403.96,3318,f,536,Stockholm,13,NW,68,53,2007,1954
1000116,9468.14,3336,m,536,Norrkoping,9,A,78,22,2024,2002
1000116,9646.77,3336,m,536,Norrkoping,9,A,78,23,2025,2002
1000117,3185.52,3333,f,441,Tumba,18,SE,87,61,2002,1941
1000118,7602.75,3315,f,640,Stockholm,22,SE,58,33,2021,1988
1000118,7983.32,3315,f,640,Stockholm,22,SE,58,34,2022,1988
1000118,8382.93,3315,f,640,Stockholm,22,SE,58,35,2023,1988
1000118,8802.55,3315,f,640,Stockholm,22,SE,58,36,2024,1988
1000118,9243.17,3315,f,640,Stockholm,22,SE,58,37,2025,1988
1000119,13898.55,3346,m,640,Gothenburg,7,NW,100,24,2015,1991
1000119,14371.4,3346,m,640,Gothenburg,7,NW,100,25,2016,1991
1000120,2200.45,3327,m,640,Eskilstuna,28,AS,0,29,1988,1959
1000120,2244.96,3327,m,640,Eskilstuna,28,AS,0,30,1989,1959
1000120,2290.37,3327,m,640,Eskilstuna,28,AS,0,31,1990,1959
1000120,2336.7,3327,m,640,Eskilstuna,28,AS,0,32,1991,1959
1000120,2383.97,3327,m,640,Eskilstuna,28,AS,0,33,1992,1959
1000121,8332.35,3310,m,337,Norrkoping,12,SE,16,35,2017,1982
1000121,8421.41,3310,m,337,Norrkoping,12,SE,16,36,2018,1982
1000121,8511.41,3310,m,337,Norrkoping,12,SE,16,37,2019,1982
1000122,4553.28,3317,f,337,Stockholm,24,A,67,24,2010,1986
1000122,4744.42,3317,f,337,Stockholm,24,A,67,25,2011,1986
1000122,4943.58,3317,f,337,Stockholm,24,A,67,26,2012,1986
1000122,5151.1,3317,f,337,Stockholm,24,A,67,27,2013,1986
1000123,8045.98,3356,m,536,Vasteras,26,AS,5,62,2013,1951
1000123,8277.11,3356,m,536,Vasteras,26,AS,5,63,2014,1951
1000123,8514.89,3356,m,536,Vasteras,26,AS,5,64,2015,1951
1000124,3928.69,3353,m,337,Malmö,4,A,54,51,2025,1974
1000125,2259.37,3318,m,337,Gothenburg,9,NW,8,59,2020,1961
1000125,2332.69,3318,m,337,Gothenburg,9,NW,8,60,2021,1961
1000125,2408.38,3318,m,337,Gothenburg,9,NW,8,61,2022,1961
1000125,2486.53,3318,m,337,Gothenburg,9,NW,8,62,2023,1961
1000125,2567.22,3318,m,337,Gothenburg,9,NW,8,63,2024,1961
1000126,2564.98,3339,f,536,Malmö,17,AS,37,58,2007,1949
1000127,7549.59,3338,m,729,Umeå,29,NW,55,34,2006,1972
1000127,7882.06,3338,m,729,Umeå,29,NW,55,35,2007,1972
1000127,8229.18,3338,m,729,Umeå,29,NW,55,36,2008,1972
1000128,6603.4,3330,f,536,Umeå,22,W,54,36,2003,1967
1000128,6855.54,3330,f,536,Umeå,22,W,54,37,2004,1967
1000129,3320.65,3337,f,337,Stockholm,4,SE,11,43,1988,1945
1000129,3362.08,3337,f,337,Stockholm,4,SE,11,44,1989,1945
1000129,3404.03,3337,f,337,Stockholm,4,SE,11,45,1990,1945
1000129,3446.5,3337,f,337,Stockholm,4,SE,11,46,1991,1945
1000129,3489.5,3337,f,337,Stockholm,4,SE,11,47,1992,1945
1000130,8559.99,3313,f,337,Malmo,10,A,92,58,1999,1941
1000130,8681.93,3313,f,337,Malmo,10,A,92,59,2000,1941
1000130,8805.6,3313,f,337,Malmo,10,A,92,60,2001,1941
1000131,2205.43,3332,m,441,Norrkoping,28,NW,13,55,2003,1948
1000132,6879.08,3359,f,729,Gothenburg,27,A,71,59,2019,1960
1000132,6955.52,3359,f,729,Gothenburg,27,A,71,60,2020,1960
1000132,7032.81,3359,f,729,Gothenburg,27,A,71,61,2021,1960
1000132,7110.95,3359,f,729,Gothenburg,27,A,71,62,2022,1960
1000132,7189.96,3359,f,729,Gothenburg,27,A,71,63,2023,1960
1000133,2757.45,3332,f,337,Stockholm,1,W,43,31,1989,1958
1000133,2859.37,3332,f,337,Stockholm,1,W,43,32,1990,1958
1000133,2965.05,3332,f,337,Stockholm,1,W,43,33,1991,1958
1000133,3074.64,3332,f,337,Stockholm,1,W,43,34,1992,1958
1000133,3188.28,3332,f,337,Stockholm,1,W,43,35,1993,1958
1000134,4050.26,3357,m,441,Umeå,17,SE,11,33,2004,1971
1000134,4165.87,3357,m,441,Umeå,17,SE,11,34,2005,1971
1000134,4284.79,3357,m,441,Umeå,17,SE,11,35,2006,1971
1000134,4407.1,3357,m,441,Umeå,17,SE,11,36,2007,1971
1000135,9097.53,3346,m,640,Gothenburg,20,W,99,25,1983,1958
1000135,9247.0,3346,m,640,Gothenburg,20,W,99,26,1984,1958
1000136,4718.42,3348,m,337,Gothenburg,15,A,62,46,1997,1951
1000136,4911.96,3348,m,337,Gothenburg,15,A,62,47,1998,1951
1000137,5972.87,3353,m,640,Uppsala,19,W,86,51,2013,1962
1000137,6043.87,3353,m,640,Uppsala,19,W,86,52,2014,1962
1000137,6115.71,3353,m,640,Uppsala,19,W,86,53,2015,1962
1000138,14367.57,3323,f,729,Stockholm,25,NW,38,28,1996,1968
1000138,14703.69,3323,f,729,Stockholm,25,NW,38,29,1997,1968
1000138,15047.67,3323,f,729,Stockholm,25,NW,38,30,1998,1968
1000139,4638.97,3334,m,536,Borås,18,NW,16,65,1994,1929
1000140,9941.89,3311,m,536,Trollhattan,15,SE,55,24,2000,1976
1000140,10215.73,3311,m,536,Trollhattan,15,SE,55,25,2001,1976
1000140,10497.11,3311,m,536,Trollhattan,15,SE,55,26,2002,1976
1000140,10786.25,3311,m,536,Trollhattan,15,SE,55,27,2003,1976
1000140,11083.34,3311,m,536,Trollhattan,15,SE,55,28,2004,1976
1000141,2874.81,3330,f,536,Gothenburg,6,A,2,59,2009,1950
1000141,2913.96,3330,f,536,Gothenburg,6,A,2,60,2010,1950
1000141,2953.64,3330,f,536,Gothenburg,6,A,2,61,2011,1950
1000142,10477.62,3315,m,441,Uppsala,13,A,67,39,2001,1962
1000142,10724.86,3315,m,441,Uppsala,13,A,67,40,2002,1962
1000143,15144.95,3342,m,337,Vasteras,7,SE,67,42,2002,1960
1000143,15442.42,3342,m,337,Vasteras,7,SE,67,43,2003,1960
1000144,1833.16,3358,m,640,Stockholm,25,AS,19,61,1984,1923
1000144,1923.39,3358,m,640,Stockholm,25,AS,19,62,1985,1923
1000145,3509.86,3353,f,536,Borås,30,AS,57,56,2021,1965
1000145,3591.26,3353,f,536,Borås,30,AS,57,57,2022,1965
1000145,3674.56,3353,f,536,Borås,30,AS,57,58,2023,1965
1000145,3759.78,3353,f,536,Borås,30,AS,57,59,2024,1965
1000145,3846.98,3353,f,536,Borås,30,AS,57,60,2025,1965
1000146,7441.42,3350,f,441,Uppsala,10,A,56,37,2017,1980
1000147,6060.92,3312,f,729,Stockholm,2,A,57,43,1998,1955
1000148,8200.36,3347,m,729,Helsingborg,18,A,59,22,2008,1986
1000148,8501.57,3347,m,729,Helsingborg,18,A,59,23,2009,1986
1000148,8813.85,3347,m,729,Helsingborg,18,A,59,24,2010,1986
1000148,9137.61,3347,m,729,Helsingborg,18,A,59,25,2011,1986
1000148,9473.25,3347,m,729,Helsingborg,18,A,59,26,2012,1986
1000149,3890.09,3338,f,729,Uppsala,4,NW,7,41,2025,1984
1000150,6935.98,3343,m,337,Gothenburg,17,A,56,59,1990,1931
1000150,7110.96,3343,m,337,Gothenburg,17,A,56,60,1991,1931
1000150,7290.34,3343,m,337,Gothenburg,17,A,56,61,1992,1931
1000151,5727.91,3348,f,536,Malmo,2,W,86,60,2021,1961
1000151,5800.75,3348,f,536,Malmo,2,W,86,61,2022,1961
1000151,5874.52,3348,f,536,Malmo,2,W,86,62,2023,1961
1000152,11554.27,3356,m,729,Norrkoping,28,W,32,62,2018,1956
1000152,11827.05,3356,m,729,Norrkoping,28,W,32,63,2019,1956
1000153,8668.48,3348,m,640,Gothenburg,23,A,16,25,1999,1974
1000153,8888.52,3348,m,640,Gothenburg,23,A,16,26,2000,1974
1000153,9114.15,3348,m,640,Gothenburg,23,A,16,27,2001,1974
1000153,9345.5,3348,m,640,Gothenburg,23,A,16,28,2002,1974
1000153,9582.73,3348,m,640,Gothenburg,23,A,16,29,2003,1974
1000154,6109.87,3351,f,441,Norrkoping,22,AS,11,47,2012,1965
1000154,6175.78,3351,f,441,Norrkoping,22,AS,11,48,2013,1965
1000154,6242.4,3351,f,441,Norrkoping,22,AS,11,49,2014,1965
1000155,4988.95,3341,f,441,Malmö,7,W,98,34,1988,1954
1000155,5054.67,3341,f,441,Malmö,7,W,98,35,1989,1954
1000156,4729.15,3352,m,729,Eskilstuna,11,AS,4,59,1988,1929
1000156,4849.21,3352,m,729,Eskilstuna,11,AS,4,60,1989,1929
1000156,4972.31,3352,m,729,Eskilstuna,11,AS,4,61,1990,1929
1000156,5098.53,3352,m,729,Eskilstuna,11,AS,4,62,1991,1929
1000156,5227.96,3352,m,729,Eskilstuna,11,AS,4,63,1992,1929
1000157,5102.98,3356,m,441,Sollentuna,15,AS,21,22,2006,1984
1000157,5295.61,3356,m,441,Sollentuna,15,AS,21,23,2007,1984
1000157,5495.52,3356,m,441,Sollentuna,15,AS,21,24,2008,1984
1000158,8446.74,3344,m,536,Helsingborg,8,A,29,39,2010,1971
1000158,8658.09,3344,m,536,Helsingborg,8,A,29,40,2011,1971
1000159,4525.43,3343,f,536,Eskilstuna,14,A,64,30,1992,1962
1000159,4596.29,3343,f,536,Eskilstuna,14,A,64,31,1993,1962
1000159,4668.25,3343,f,536,Eskilstuna,14,A,64,32,1994,1962
1000159,4741.34,3343,f,536,Eskilstuna,14,A,64,33,1995,1962
1000159,4815.58,3343,f,536,Eskilstuna,14,A,64,34,1996,1962
1000160,6311.75,3316,f,337,Jönköping,23,W,70,53,1987,1934
1000160,6396.61,3316,f,337,Jönköping,23,W,70,54,1988,1934
1000160,6482.61,3316,f,337,Jönköping,23,W,70,55,1989,1934
1000161,24120.98,3337,m,640,Uppsala,3,AS,18,34,2008,1974
1000161,25287.27,3337,m,640,Uppsala,3,AS,18,35,2009,1974
1000161,26509.94,3337,m,640,Uppsala,3,AS,18,36,2010,1974
1000162,9605.56,3334,f,337,Malmo,3,W,30,43,1994,1951
1000163,4693.24,3318,f,337,Sollentuna,2,W,18,38,2010,1972
1000163,4886.5,3318,f,337,Sollentuna,2,W,18,39,2011,1972
1000164,8387.79,3326,f,536,Helsingborg,7,SE,2,29,2015,1986
1000164,8652.84,3326,f,536,Helsingborg,7,SE,2,30,2016,1986
1000164,8926.27,3326,f,536,Helsingborg,7,SE,2,31,2017,1986
1000164,9208.34,3326,f,536,Helsingborg,7,SE,2,32,2018,1986
1000164,9499.32,3326,f,536,Helsingborg,7,SE,2,33,2019,1986
1000165,5806.47,3325,m,640,Gothenburg,14,SE,6,60,2019,1959
1000165,5879.58,3325,m,640,Gothenburg,14,SE,6,61,2020,1959
1000165,5953.61,3325,m,640,Gothenburg,14,SE,6,62,2021,1959
1000165,6028.57,3325,m,640,Gothenburg,14,SE,6,63,2022,1959
1000166,1841.96,3325,f,729,Orebro,23,AS,73,29,1998,1969
1000166,1860.59,3325,f,729,Orebro,23,AS,73,30,1999,1969
1000166,1879.4,3325,f,729,Orebro,23,AS,73,31,2000,1969
1000166,1898.41,3325,f,729,Orebro,23,AS,73,32,2001,1969
1000167,3001.47,3352,f,441,Linkoping,3,NW,85,53,2003,1950
1000168,2232.13,3334,m,536,Växjö,12,SE,81,36,1981,1945
1000168,2326.8,3334,m,536,Växjö,12,SE,81,37,1982,1945
1000168,2425.5,3334,m,536,Växjö,12,SE,81,38,1983,1945
1000169,5036.62,3347,f,441,Umeå,24,SE,98,41,1988,1947
1000170,7553.04,3353,f,729,Gothenburg,15,NW,99,64,2010,1946
1000171,18131.77,3328,m,337,Umeå,7,A,4,22,1992,1970
1000172,6667.19,3326,f,640,Orebro,2,AS,60,61,1992,1931
1000172,6831.04,3326,f,640,Orebro,2,AS,60,62,1993,1931
1000172,6998.92,3326,f,640,Orebro,2,AS,60,63,1994,1931
1000173,6647.42,3335,m,640,Gothenburg,24,W,55,48,2004,1956
1000173,6980.9,3335,m,640,Gothenburg,24,W,55,49,2005,1956
1000173,7331.11,3335,m,640,Gothenburg,24,W,55,50,2006,1956
1000174,11141.69,3315,f,536,Malmo,24,AS,34,47,1985,1938
1000174,11528.15,3315,f,536,Malmo,24,AS,34,48,1986,1938
1000174,11928.02,3315,f,536,Malmo,24,AS,34,49,1987,1938
1000174,12341.75,3315,f,536,Malmo,24,AS,34,50,1988,1938
1000175,1996.62,3330,m,729,Gothenburg,22,SE,10,38,1999,1961
1000175,2065.89,3330,m,729,Gothenburg,22,SE,10,39,2000,1961
1000175,2137.56,3330,m,729,Gothenburg,22,SE,10,40,2001,1961
1000175,2211.72,3330,m,729,Gothenburg,22,SE,10,41,2002,1961
1000176,6740.2,3312,f,441,Lund,24,W,57,42,2019,1977
1000176,6883.12,3312,f,441,Lund,24,W,57,43,2020,1977
1000176,7029.07,3312,f,441,Lund,24,W,57,44,2021,1977
1000176,7178.11,3312,f,441,Lund,24,W,57,45,2022,1977
1000177,8397.12,3342,m,337,Norrkoping,26,A,46,63,1990,1927
1000178,2649.88,3318,m,729,Norrkoping,3,A,4,35,2021,1986
1000178,2715.57,3318,m,729,Norrkoping,3,A,4,36,2022,1986
1000178,2782.88,3318,m,729,Norrkoping,3,A,4,37,2023,1986
1000179,17662.12,3333,m,729,Stockholm,15,A,47,24,2016,1992
1000179,18221.47,3333,m,729,Stockholm,15,A,47,25,2017,1992
1000180,6090.03,3311,f,640,Jönköping,24,NW,14,31,2011,1980
1000180,6247.19,3311,f,640,Jönköping,24,NW,14,32,2012,1980
1000180,6408.41,3311,f,640,Jönköping,24,NW,14,33,2013,1980
1000180,6573.79,3311,f,640,Jönköping,24,NW,14,34,2014,1980
1000180,6743.44,3311,f,640,Jönköping,24,NW,14,35,2015,1980
1000181,4710.5,3349,m,640,Eskilstuna,10,A,27,64,2011,1947
1000182,9513.51,3355,m,441,Tumba,15,A,22,25,2023,1998
1000182,9869.28,3355,m,441,Tumba,15,A,22,26,2024,1998
1000183,28741.23,3355,m,729,Orebro,23,W,20,64,2020,1956
1000184,6526.73,3325,f,729,Gothenburg,26,NW,17,51,1981,1930
1000184,6740.05,3325,f,729,Gothenburg,26,NW,17,52,1982,1930
1000184,6960.33,3325,f,729,Gothenburg,26,NW,17,53,1983,1930
1000185,6195.38,3349,f,536,Huddinge,29,AS,16,25,1984,1959
1000185,6358.11,3349,f,536,Huddinge,29,AS,16,26,1985,1959
1000185,6525.1,3349,f,536,Huddinge,29,AS,16,27,1986,1959
1000186,5186.39,3314,f,729,Malmo,5,A,73,40,2021,1981
1000187,2868.75,3359,f,536,Norrkoping,18,W,16,60,2017,1957
1000187,2987.95,3359,f,536,Norrkoping,18,W,16,61,2018,1957
1000188,9877.33,3343,m,536,Vasteras,5,SE,15,39,1990,1951
1000188,10106.19,3343,m,536,Vasteras,5,SE,15,40,1991,1951
1000189,4736.66,3315,m,640,Malmö,9,AS,36,32,2020,1988
1000189,4837.07,3315,m,640,Malmö,9,AS,36,33,2021,1988
1000189,4939.62,3315,m,640,Malmö,9,AS,36,34,2022,1988
1000189,5044.34,3315,m,640,Malmö,9,AS,36,35,2023,1988
1000189,5151.27,3315,m,640,Malmö,9,AS,36,36,2024,1988
1000190,6149.59,3320,f,729,Orebro,19,AS,82,57,1989,1932
1000190,6377.24,3320,f,729,Orebro,19,AS,82,58,1990,1932
1000191,4778.89,3312,f,729,Stockholm,21,SE,10,56,1996,1940
1000191,4977.29,3312,f,729,Stockholm,21,SE,10,57,1997,1940
1000192,8685.19,3344,f,729,Jönköping,10,A,80,61,1999,1938
1000192,8858.83,3344,f,729,Jönköping,10,A,80,62,2000,1938
1000192,9035.94,3344,f,729,Jönköping,10,A,80,63,2001,1938
1000192,9216.59,3344,f,729,Jönköping,10,A,80,64,2002,1938
1000193,7550.53,3338,f,640,Uppsala,14,SE,20,50,2009,1959
1000193,7730.9,3338,f,640,Uppsala,14,SE,20,51,2010,1959
1000194,14376.74,3332,m,640,Trollhattan,13,W,93,28,2003,1975
1000194,14851.16,3332,m,640,Trollhattan,13,W,93,29,2004,1975
1000194,15341.23,3332,m,640,Trollhattan,13,W,93,30,2005,1975
1000194,15847.47,3332,m,640,Trollhattan,13,W,93,31,2006,1975
1000194,16370.42,3332,m,640,Trollhattan,13,W,93,32,2007,1975
1000195,3885.07,3325,f,441,Uppsala,5,W,57,26,1983,1957
1000195,4075.35,3325,f,441,Uppsala,5,W,57,27,1984,1957
1000195,4274.94,3325,f,441,Uppsala,5,W,57,28,1985,1957
1000196,4782.25,3346,f,441,Malmö,24,NW,41,40,1992,1952
1000196,4927.55,3346,f,441,Malmö,24,NW,41,41,1993,1952
1000197,2238.05,3315,f,536,Växjö,13,A,2,52,2009,1957
1000197,2280.08,3315,f,536,Växjö,13,A,2,53,2010,1957
1000198,5070.58,3351,f,337,Stockholm,22,A,76,50,1998,1948
1000198,5123.21,3351,f,337,Stockholm,22,A,76,51,1999,1948
1000198,5176.39,3351,f,337,Stockholm,22,A,76,52,2000,1948
1000198,5230.13,3351,f,337,Stockholm,22,A,76,53,2001,1948
1000198,5284.42,3351,f,337,Stockholm,22,A,76,54,2002,1948
1000199,11644.57,3333,m,536,Stockholm,25,W,93,45,2003,1958
1000200,6463.9,3345,f,337,Linkoping,10,NW,46,24,2004,1980
1000200,6647.54,3345,f,337,Linkoping,10,NW,46,25,2005,1980
1000200,6836.4,3345,f,337,Linkoping,10,NW,46,26,2006,1980
1000200,7030.62,3345,f,337,Linkoping,10,NW,46,27,2007,1980
1000200,7230.36,3345,f,337,Linkoping,10,NW,46,28,2008,1980
1000201,2850.69,3316,f,729,Norrkoping,13,SE,16,43,2001,1958
1000201,2989.53,3316,f,729,Norrkoping,13,SE,16,44,2002,1958
1000201,3135.15,3316,f,729,Norrkoping,13,SE,16,45,2003,1958
1000201,3287.85,3316,f,729,Norrkoping,13,SE,16,46,2004,1958
1000201,3447.99,3316,f,729,Norrkoping,13,SE,16,47,2005,1958
1000202,11488.53,3312,m,441,Helsingborg,2,A,64,22,1988,1966
1000202,11983.22,3312,m,441,Helsingborg,2,A,64,23,1989,1966
1000202,12499.22,3312,m,441,Helsingborg,2,A,64,24,1990,1966
1000203,11441.15,3330,f,441,Helsingborg,30,AS,17,59,2000,1941
1000203,11739.21,3330,f,441,Helsingborg,30,AS,17,60,2001,1941
1000204,9822.94,3341,f,729,Gothenburg,23,AS,68,56,1999,1943
1000204,10250.75,3341,f,729,Gothenburg,23,AS,68,57,2000,1943
1000204,10697.19,3341,f,729,Gothenburg,23,AS,68,58,2001,1943
1000204,11163.07,3341,f,729,Gothenburg,23,AS,68,59,2002,1943
1000205,18772.93,3329,f,640,Norrkoping,26,A,74,64,2020,1956
1000206,4167.45,3324,f,640,Malmö,24,AS,73,23,2017,1994
1000206,4238.14,3324,f,640,Malmö,24,AS,73,24,2018,1994
1000206,4310.03,3324,f,640,Malmö,24,AS,73,25,2019,1994
1000206,4383.14,3324,f,640,Malmö,24,AS,73,26,2020,1994
1000207,2020.48,3346,f,441,Sundbyberg,23,NW,4,27,1992,1965
1000208,2191.32,3323,f,640,Malmo,14,A,88,52,2019,1967
1000208,2291.98,3323,f,640,Malmo,14,A,88,53,2020,1967
1000208,2397.26,3323,f,640,Malmo,14,A,88,54,2021,1967
1000208,2507.39,3323,f,640,Malmo,14,A,88,55,2022,1967
1000209,14879.5,3352,m,441,Orebro,16,AS,41,53,2004,1951
1000209,15615.31,3352,m,441,Orebro,16,AS,41,54,2005,1951
1000209,16387.51,3352,m,441,Orebro,16,AS,41,55,2006,1951
1000210,10155.6,3359,f,729,Gothenburg,28,W,86,63,2021,1958
1000210,10366.71,3359,f,729,Gothenburg,28,W,86,64,2022,1958
1000210,10582.21,3359,f,729,Gothenburg,28,W,86,65,2023,1958
1000211,5805.78,3329,f,441,Malmö,8,W,71,39,1998,1959
1000211,6028.29,3329,f,441,Malmö,8,W,71,40,1999,1959
1000212,7846.39,3327,f,640,Uppsala,10,AS,92,27,2016,1989
1000212,8046.53,3327,f,640,Uppsala,10,AS,92,28,2017,1989
1000212,8251.78,3327,f,640,Uppsala,10,AS,92,29,2018,1989
1000212,8462.26,3327,f,640,Uppsala,10,AS,92,30,2019,1989
1000212,8678.12,3327,f,640,Uppsala,10,AS,92,31,2020,1989
1000213,3414.86,3312,f,640,Malmö,10,NW,37,65,1985,1920
1000214,25354.19,3344,f,640,Borås,9,NW,25,55,2024,1969
1000214,25750.01,3344,f,640,Borås,9,NW,25,56,2025,1969
1000215,8603.1,3350,m,441,Stockholm,8,AS,28,23,1986,1963
1000215,8805.13,3350,m,441,Stockholm,8,AS,28,24,1987,1963
1000215,9011.9,3350,m,441,Stockholm,8,AS,28,25,1988,1963
1000215,9223.53,3350,m,441,Stockholm,8,AS,28,26,1989,1963
1000216,4641.72,3345,f,337,Norrkoping,30,NW,0,30,2006,1976
1000216,4778.77,3345,f,337,Norrkoping,30,NW,0,31,2007,1976
1000216,4919.86,3345,f,337,Norrkoping,30,NW,0,32,2008,1976
1000216,5065.12,3345,f,337,Norrkoping,30,NW,0,33,2009,1976
1000217,13648.55,3315,m,640,Gothenburg,21,SE,98,56,1994,1938
1000217,14199.13,3315,m,640,Gothenburg,21,SE,98,57,1995,1938
1000217,14771.92,3315,m,640,Gothenburg,21,SE,98,58,1996,1938
1000217,15367.82,3315,m,640,Gothenburg,21,SE,98,59,1997,1938
1000217,15987.76,3315,m,640,Gothenburg,21,SE,98,60,1998,1938
1000218,9400.42,3335,m,441,Malmo,26,NW,4,51,1991,1940
1000218,9833.79,3335,m,441,Malmo,26,NW,4,52,1992,1940
1000218,10287.14,3335,m,441,Malmo,26,NW,4,53,1993,1940
1000219,7185.9,3328,m,640,Linkoping,15,SE,42,61,2014,1953
1000219,7402.94,3328,m,640,Linkoping,15,SE,42,62,2015,1953
1000219,7626.53,3328,m,640,Linkoping,15,SE,42,63,2016,1953
1000219,7856.88,3328,m,640,Linkoping,15,SE,42,64,2017,1953
1000219,8094.19,3328,m,640,Linkoping,15,SE,42,65,2018,1953
1000220,4388.27,3331,m,729,Uppsala,6,NW,14,49,2021,1972
1000220,4561.62,3331,m,729,Uppsala,6,NW,14,50,2022,1972
1000220,4741.83,3331,m,729,Uppsala,6,NW,14,51,2023,1972
1000221,9037.24,3358,m,640,Eskilstuna,7,AS,86,31,2019,1988
1000221,9435.07,3358,m,640,Eskilstuna,7,AS,86,32,2020,1988
1000221,9850.41,3358,m,640,Eskilstuna,7,AS,86,33,2021,1988
1000221,10284.04,3358,m,640,Eskilstuna,7,AS,86,34,2022,1988
1000222,16250.55,3318,f,337,Malmo,16,SE,23,40,1995,1955
1000223,12847.29,3329,f,536,Gothenburg,19,W,42,56,1980,1924
1000223,13320.18,3329,f,536,Gothenburg,19,W,42,57,1981,1924
1000223,13810.48,3329,f,536,Gothenburg,19,W,42,58,1982,1924
1000224,14842.98,3320,m,337,Norrkoping,13,A,39,63,2012,1949
1000224,15461.0,3320,m,337,Norrkoping,13,A,39,64,2013,1949
1000224,16104.75,3320,m,337,Norrkoping,13,A,39,65,2014,1949
1000225,5035.77,3318,m,640,Malmo,16,NW,28,29,2009,1980
1000225,5162.97,3318,m,640,Malmo,16,NW,28,30,2010,1980
1000225,5293.38,3318,m,640,Malmo,16,NW,28,31,2011,1980
1000225,5427.09,3318,m,640,Malmo,16,NW,28,32,2012,1980
1000225,5564.17,3318,m,640,Malmo,16,NW,28,33,2013,1980
1000226,3748.9,3325,f,729,Huddinge,22,NW,97,58,1985,1927
1000226,3854.85,3325,f,729,Huddinge,22,NW,97,59,1986,1927
1000226,3963.79,3325,f,729,Huddinge,22,NW,97,60,1987,1927
1000226,4075.82,3325,f,729,Huddinge,22,NW,97,61,1988,1927
1000226,4191.01,3325,f,729,Huddinge,22,NW,97,62,1989,1927
1000227,4509.52,3345,f,337,Alingsås,29,SE,7,52,1992,1940
1000227,4653.68,3345,f,337,Alingsås,29,SE,7,53,1993,1940
1000227,4802.44,3345,f,337,Alingsås,29,SE,7,54,1994,1940
1000227,4955.96,3345,f,337,Alingsås,29,SE,7,55,1995,1940
1000227,5114.38,3345,f,337,Alingsås,29,SE,7,56,1996,1940
1000228,7523.23,3353,m,640,Tumba,7,A,14,65,2017,1952
1000229,13308.33,3318,m,729,Uppsala,17,SE,58,46,2009,1963
1000229,13473.16,3318,m,729,Uppsala,17,SE,58,47,2010,1963
1000229,13640.03,3318,m,729,Uppsala,17,SE,58,48,2011,1963
1000229,13808.97,3318,m,729,Uppsala,17,SE,58,49,2012,1963
1000229,13980.0,3318,m,729,Uppsala,17,SE,58,50,2013,1963
1000230,1789.22,3310,f,640,Umeå,24,A,32,33,2017,1984
1000231,21743.79,3313,m,536,Gothenburg,30,SE,69,24,2010,1986
1000232,7243.11,3351,f,536,Stockholm,24,NW,98,61,2006,1945
1000232,7612.29,3351,f,536,Stockholm,24,NW,98,62,2007,1945
1000232,8000.3,3351,f,536,Stockholm,24,NW,98,63,2008,1945
1000233,4005.06,3315,f,536,Trollhattan,22,A,48,62,2014,1952
1000233,4152.45,3315,f,536,Trollhattan,22,A,48,63,2015,1952
1000234,3297.68,3343,f,337,Stockholm,5,AS,50,34,1980,1946
1000235,1797.55,3344,f,536,Norrkoping,13,AS,54,34,1995,1961
1000235,1840.93,3344,f,536,Norrkoping,13,AS,54,35,1996,1961
1000235,1885.36,3344,f,536,Norrkoping,13,AS,54,36,1997,1961
1000235,1930.86,3344,f,536,Norrkoping,13,AS,54,37,1998,1961
1000236,7900.33,3352,f,441,Malmö,14,SE,4,59,1981,1922
1000236,8045.78,3352,f,441,Malmö,14,SE,4,60,1982,1922
1000237,9196.36,3355,m,729,Stockholm,28,AS,86,23,1995,1972
1000238,3384.98,3359,f,536,Gothenburg,2,NW,96,28,2012,1984
1000238,3451.18,3359,f,536,Gothenburg,2,NW,96,29,2013,1984
1000238,3518.67,3359,f,536,Gothenburg,2,NW,96,30,2014,1984
1000239,2187.1,3329,f,729,Helsingborg,29,W,30,29,2022,1993
1000239,2245.93,3329,f,729,Helsingborg,29,W,30,30,2023,1993
1000240,4042.94,3321,f,337,Linkoping,21,AS,94,63,2007,1944
1000240,4165.34,3321,f,337,Linkoping,21,AS,94,64,2008,1944
1000240,4291.44,3321,f,337,Linkoping,21,AS,94,65,2009,1944
1000241,14087.88,3336,f,536,Eskilstuna,14,W,89,29,1999,1970
1000241,14334.51,3336,f,536,Eskilstuna,14,W,89,30,2000,1970
1000241,14585.46,3336,f,536,Eskilstuna,14,W,89,31,2001,1970
1000241,14840.8,3336,f,536,Eskilstuna,14,W,89,32,2002,1970
1000242,4364.71,3319,f,441,Tumba,26,W,90,49,1983,1934
1000242,4481.95,3319,f,441,Tumba,26,W,90,50,1984,1934
1000242,4602.34,3319,f,441,Tumba,26,W,90,51,1985,1934
1000242,4725.97,3319,f,441,Tumba,26,W,90,52,1986,1934
1000242,4852.92,3319,f,441,Tumba,26,W,90,53,1987,1934
1000243,1939.52,3326,f,729,Orebro,7,A,31,41,2021,1980
1000244,6147.16,3327,f,640,Stockholm,13,NW,6,63,2018,1955
1000244,6218.77,3327,f,640,Stockholm,13,NW,6,64,2019,1955
1000244,6291.22,3327,f,640,Stockholm,13,NW,6,65,2020,1955
1000245,6412.77,3352,m,441,Huddinge,18,AS,92,33,2010,1977
1000245,6706.45,3352,m,441,Huddinge,18,AS,92,34,2011,1977
1000246,1276.67,3322,f,640,Malmö,24,SE,27,27,2010,1983
1000246,1325.89,3322,f,640,Malmö,24,SE,27,28,2011,1983
1000247,5138.54,3359,m,536,Alingsås,10,AS,41,44,2009,1965
1000247,5326.62,3359,m,536,Alingsås,10,AS,41,45,2010,1965
1000247,5521.59,3359,m,536,Alingsås,10,AS,41,46,2011,1965
1000247,5723.7,3359,m,536,Alingsås,10,AS,41,47,2012,1965
1000247,5933.2,3359,m,536,Alingsås,10,AS,41,48,2013,1965
1000248,5420.95,3316,f,640,Malmo,26,A,59,50,2000,1950
1000248,5557.23,3316,f,640,Malmo,26,A,59,51,2001,1950
1000249,7509.48,3319,f,337,Linkoping,1,NW,94,36,2015,1979
1000249,7762.72,3319,f,337,Linkoping,1,NW,94,37,2016,1979
1000249,8024.49,3319,f,337,Linkoping,1,NW,94,38,2017,1979
1000249,8295.09,3319,f,337,Linkoping,1,NW,94,39,2018,1979
1000249,8574.82,3319,f,337,Linkoping,1,NW,94,40,2019,1979
1000250,22477.26,3334,f,640,Stockholm,19,W,29,35,2011,1976
1000250,23305.48,3334,f,640,Stockholm,19,W,29,36,2012,1976
1000250,24164.21,3334,f,640,Stockholm,19,W,29,37,2013,1976
1000250,25054.59,3334,f,640,Stockholm,19,W,29,38,2014,1976
1000250,25977.77,3334,f,640,Stockholm,19,W,29,39,2015,1976
1000251,12012.71,3351,f,640,Borås,24,A,92,51,2009,1958
1000251,12494.34,3351,f,640,Borås,24,A,92,52,2010,1958
1000252,5698.47,3321,f,441,Stockholm,30,AS,62,54,2021,1967
1000253,4272.03,3310,m,337,Malmö,14,SE,97,28,2020,1992
1000253,4326.71,3310,m,337,Malmö,14,SE,97,29,2021,1992
1000254,32619.94,3313,m,337,Stockholm,20,A,47,60,2022,1962
1000254,33828.21,3313,m,337,Stockholm,20,A,47,61,2023,1962
1000254,35081.23,3313,m,337,Stockholm,20,A,47,62,2024,1962
1000254,36380.68,3313,m,337,Stockholm,20,A,47,63,2025,1962
1000255,6010.36,3311,m,337,Orebro,17,A,1,37,2014,1977
1000255,6074.93,3311,m,337,Orebro,17,A,1,38,2015,1977
1000255,6140.2,3311,m,337,Orebro,17,A,1,39,2016,1977
1000256,6814.28,3319,f,441,Stockholm,8,SE,67,32,2019,1987
1000256,6952.61,3319,f,441,Stockholm,8,SE,67,33,2020,1987
1000256,7093.75,3319,f,441,Stockholm,8,SE,67,34,2021,1987
1000256,7237.75,3319,f,441,Stockholm,8,SE,67,35,2022,1987
1000256,7384.68,3319,f,441,Stockholm,8,SE,67,36,2023,1987
1000257,5212.17,3335,f,640,Huddinge,15,SE,47,56,1995,1939
1000257,5328.1,3335,f,640,Huddinge,15,SE,47,57,1996,1939
1000258,7857.91,3345,m,337,Stockholm,16,A,48,23,2020,1997
1000259,6064.31,3331,m,337,Vasteras,19,A,82,26,2013,1987
1000260,4712.0,3327,m,441,Karla,2,AS,60,24,2023,1999
1000260,4933.68,3327,m,441,Karla,2,AS,60,25,2024,1999
1000261,5055.81,3323,m,441,Malmö,19,W,2,29,2025,1996
1000262,8664.61,3334,m,640,Stockholm,22,NW,72,54,2001,1947
1000262,9020.24,3334,m,640,Stockholm,22,NW,72,55,2002,1947
1000262,9390.47,3334,m,640,Stockholm,22,NW,72,56,2003,1947
1000262,9775.9,3334,m,640,Stockholm,22,NW,72,57,2004,1947
1000263,4228.87,3316,m,337,Vasteras,14,W,6,34,1984,1950
1000263,4376.03,3316,m,337,Vasteras,14,W,6,35,1985,1950
1000263,4528.31,3316,m,337,Vasteras,14,W,6,36,1986,1950
1000264,5119.79,3338,f,640,Stockholm,16,W,100,34,2002,1968
1000264,5369.63,3338,f,640,Stockholm,16,W,100,35,2003,1968
1000264,5631.66,3338,f,640,Stockholm,16,W,100,36,2004,1968
1000264,5906.48,3338,f,640,Stockholm,16,W,100,37,2005,1968
1000264,6194.71,3338,f,640,Stockholm,16,W,100,38,2006,1968
1000265,5305.46,3359,f,441,Norrkoping,20,A,10,38,1995,1957
1000266,8049.31,3334,m,640,Stockholm,11,NW,94,43,1986,1943
1000267,16968.36,3318,m,640,Uppsala,3,W,13,31,2007,1976
1000267,17525.03,3318,m,640,Uppsala,3,W,13,32,2008,1976
1000267,18099.95,3318,m,640,Uppsala,3,W,13,33,2009,1976
1000267,18693.74,3318,m,640,Uppsala,3,W,13,34,2010,1976
1000268,1334.09,3315,f,337,Stockholm,20,W,70,58,2000,1942
1000268,1348.16,3315,f,337,Stockholm,20,W,70,59,2001,1942
1000268,1362.38,3315,f,337,Stockholm,20,W,70,60,2002,1942
1000268,1376.76,3315,f,337,Stockholm,20,W,70,61,2003,1942
1000269,9124.82,3346,f,536,Eskilstuna,17,AS,31,30,2023,1993
1000269,9279.22,3346,f,536,Eskilstuna,17,AS,31,31,2024,1993
1000270,13832.6,3320,f,640,Gothenburg,14,NW,8,37,2006,1969
1000270,14244.88,3320,f,640,Gothenburg,14,NW,8,38,2007,1969
1000270,14669.44,3320,f,640,Gothenburg,14,NW,8,39,2008,1969
1000271,2523.77,3350,m,640,Gothenburg,16,NW,92,58,2019,1961
1000271,2596.25,3350,m,640,Gothenburg,16,NW,92,59,2020,1961
1000272,6729.0,3349,m,640,Stockholm,13,A,42,41,2008,1967
1000272,6914.71,3349,m,640,Stockholm,13,A,42,42,2009,1967
1000272,7105.55,3349,m,640,Stockholm,13,A,42,43,2010,1967
1000273,7405.31,3330,m,640,Gothenburg,6,NW,61,45,2000,1955
1000273,7702.86,3330,m,640,Gothenburg,6,NW,61,46,2001,1955
1000273,8012.38,3330,m,640,Gothenburg,6,NW,61,47,2002,1955
1000274,2648.42,3327,f,729,Eskilstuna,27,W,48,45,2003,1958
1000275,4931.51,3359,m,729,Malmö,18,NW,87,21,2009,1988
1000275,5069.2,3359,m,729,Malmö,18,NW,87,22,2010,1988
1000276,2336.99,3341,f,337,Sundbyberg,5,A,86,60,1999,1939
1000276,2384.45,3341,f,337,Sundbyberg,5,A,86,61,2000,1939
1000277,17507.13,3348,m,536,Eskilstuna,16,SE,57,57,2005,1948
1000277,18045.08,3348,m,536,Eskilstuna,16,SE,57,58,2006,1948
1000277,18599.55,3348,m,536,Eskilstuna,16,SE,57,59,2007,1948
1000277,19171.06,3348,m,536,Eskilstuna,16,SE,57,60,2008,1948
1000277,19760.13,3348,m,536,Eskilstuna,16,SE,57,61,2009,1948
1000278,13137.5,3344,f,729,Stockholm,20,W,89,60,1985,1925
1000279,17164.93,3346,m,640,Stockholm,21,AS,5,63,2021,1958
1000279,18021.05,3346,m,640,Stockholm,21,AS,5,64,2022,1958
1000280,11887.87,3324,f,536,Stockholm,17,SE,33,53,2015,1962
1000280,12342.21,3324,f,536,Stockholm,17,SE,33,54,2016,1962
1000280,12813.92,3324,f,536,Stockholm,17,SE,33,55,2017,1962
1000280,13303.65,3324,f,536,Stockholm,17,SE,33,56,2018,1962
1000280,13812.1,3324,f,536,Stockholm,17,SE,33,57,2019,1962
1000281,4265.74,3353,m,536,Malmo,19,A,98,64,2012,1948
1000282,3658.83,3315,f,337,Vasteras,4,W,53,29,2002,1973
1000282,3746.67,3315,f,337,Vasteras,4,W,53,30,2003,1973
1000282,3836.61,3315,f,337,Vasteras,4,W,53,31,2004,1973
1000283,8963.61,3338,m,729,Vasteras,24,A,12,64,2008,1944
1000283,9078.05,3338,m,729,Vasteras,24,A,12,65,2009,1944
1000284,3719.97,3316,m,337,Stockholm,22,W,82,30,1995,1965
1000284,3783.67,3316,m,337,Stockholm,22,W,82,31,1996,1965
1000284,3848.45,3316,m,337,Stockholm,22,W,82,32,1997,1965
1000284,3914.35,3316,m,337,Stockholm,22,W,82,33,1998,1965
1000284,3981.38,3316,m,337,Stockholm,22,W,82,34,1999,1965
1000285,9748.02,3335,m,640,Linkoping,21,A,29,31,1991,1960
1000285,10003.02,3335,m,640,Linkoping,21,A,29,32,1992,1960
1000285,10264.69,3335,m,640,Linkoping,21,A,29,33,1993,1960
1000285,10533.21,3335,m,640,Linkoping,21,A,29,34,1994,1960
1000286,4886.77,3355,m,536,Helsingborg,7,A,0,33,1997,1964
1000287,7124.19,3339,m,729,Stockholm,4,W,25,36,2022,1986
1000287,7349.3,3339,m,729,Stockholm,4,W,25,37,2023,1986
1000287,7581.52,3339,m,729,Stockholm,4,W,25,38,2024,1986
1000287,7821.08,3339,m,729,Stockholm,4,W,25,39,2025,1986
1000288,10504.67,3317,f,729,Malmo,12,A,75,42,2009,1967
1000288,10683.72,3317,f,729,Malmo,12,A,75,43,2010,1967
1000288,10865.82,3317,f,729,Malmo,12,A,75,44,2011,1967
1000288,11051.02,3317,f,729,Malmo,12,A,75,45,2012,1967
1000288,11239.39,3317,f,729,Malmo,12,A,75,46,2013,1967
1000289,6333.36,3317,f,729,Helsingborg,8,NW,40,39,1987,1948
1000289,6493.25,3317,f,729,Helsingborg,8,NW,40,40,1988,1948
1000290,5846.79,3346,m,729,Malmo,13,AS,17,47,1991,1944
1000290,6057.6,3346,m,729,Malmo,13,AS,17,48,1992,1944
1000290,6276.0,3346,m,729,Malmo,13,AS,17,49,1993,1944
1000290,6502.28,3346,m,729,Malmo,13,AS,17,50,1994,1944
1000291,16458.73,3321,m,729,Stockholm,11,W,17,48,2019,1971
1000292,2157.72,3345,f,337,Vasteras,17,NW,49,61,2011,1950
1000292,2239.92,3345,f,337,Vasteras,17,NW,49,62,2012,1950
1000292,2325.25,3345,f,337,Vasteras,17,NW,49,63,2013,1950
1000292,2413.83,3345,f,337,Vasteras,17,NW,49,64,2014,1950
1000293,7908.75,3311,f,536,Vasteras,26,SE,72,34,1998,1964
1000294,8252.18,3339,f,441,Orebro,19,NW,99,51,2015,1964
1000294,8372.94,3339,f,441,Orebro,19,NW,99,52,2016,1964
1000294,8495.48,3339,f,441,Orebro,19,NW,99,53,2017,1964
1000294,8619.8,3339,f,441,Orebro,19,NW,99,54,2018,1964
1000294,8745.95,3339,f,441,Orebro,19,NW,99,55,2019,1964
1000295,6533.03,3358,m,640,Eskilstuna,2,W,69,48,2014,1966
1000295,6865.17,3358,m,640,Eskilstuna,2,W,69,49,2015,1966
1000296,8980.26,3326,m,441,Gothenburg,12,SE,57,25,2008,1983
1000297,3308.65,3332,m,441,Huddinge,28,AS,88,65,2019,1954
1000298,15551.88,3313,m,729,Stockholm,19,NW,26,42,2014,1972
1000298,16087.71,3313,m,729,Stockholm,19,NW,26,43,2015,1972
1000298,16642.01,3313,m,729,Stockholm,19,NW,26,44,2016,1972
1000299,7096.43,3346,m,640,Malmö,9,W,37,52,2023,1971
1000300,5443.69,3318,m,536,Alingsås,23,W,83,28,1995,1967
1000300,5657.11,3318,m,536,Alingsås,23,W,83,29,1996,1967
1000301,13219.89,3327,m,536,Vasteras,21,AS,80,46,2004,1958
1000301,13393.15,3327,m,536,Vasteras,21,AS,80,47,2005,1958
1000301,13568.68,3327,m,536,Vasteras,21,AS,80,48,2006,1958
1000301,13746.51,3327,m,536,Vasteras,21,AS,80,49,2007,1958
1000302,4683.18,3333,m,536,Orebro,15,W,88,51,2000,1949
1000302,4730.71,3333,m,536,Orebro,15,W,88,52,2001,1949
1000302,4778.73,3333,m,536,Orebro,15,W,88,53,2002,1949
1000302,4827.24,3333,m,536,Orebro,15,W,88,54,2003,1949
1000302,4876.23,3333,m,536,Orebro,15,W,88,55,2004,1949
1000303,3078.95,3344,m,536,Jönköping,13,W,8,33,2007,1974
1000303,3172.05,3344,m,536,Jönköping,13,W,8,34,2008,1974
1000304,2211.98,3346,f,640,Gothenburg,28,AS,16,51,2001,1950
1000305,9530.38,3317,m,337,Jönköping,30,A,2,30,2008,1978
1000305,9626.42,3317,m,337,Jönköping,30,A,2,31,2009,1978
1000305,9723.43,3317,m,337,Jönköping,30,A,2,32,2010,1978
1000305,9821.42,3317,m,337,Jönköping,30,A,2,33,2011,1978
1000306,2473.91,3329,f,441,Malmö,6,NW,83,37,1985,1948
1000306,2523.92,3329,f,441,Malmö,6,NW,83,38,1986,1948
1000306,2574.95,3329,f,441,Malmö,6,NW,83,39,1987,1948
1000307,20813.14,3354,f,441,Stockholm,25,W,92,34,2007,1973
1000308,2038.09,3347,m,337,Stockholm,8,SE,16,53,2023,1970
1000308,2059.34,3347,m,337,Stockholm,8,SE,16,54,2024,1970
1000309,14250.17,3318,f,337,Malmö,16,A,88,24,1994,1970
1000309,14444.91,3318,f,337,Malmö,16,A,88,25,1995,1970
1000309,14642.31,3318,f,337,Malmö,16,A,88,26,1996,1970
1000309,14842.41,3318,f,337,Malmö,16,A,88,27,1997,1970
1000310,7401.2,3334,m,337,Gothenburg,25,W,17,28,2021,1993
1000310,7496.07,3334,m,337,Gothenburg,25,W,17,29,2022,1993
1000311,7454.61,3356,m,729,Jönköping,7,A,44,60,1989,1929
1000311,7717.38,3356,m,729,Jönköping,7,A,44,61,1990,1929
1000311,7989.42,3356,m,729,Jönköping,7,A,44,62,1991,1929
1000311,8271.05,3356,m,729,Jönköping,7,A,44,63,1992,1929
1000312,4218.52,3358,f,441,Stockholm,4,SE,17,57,2004,1947
1000312,4428.3,3358,f,441,Stockholm,4,SE,17,58,2005,1947
1000312,4648.5,3358,f,441,Stockholm,4,SE,17,59,2006,1947
1000313,7656.89,3345,f,441,Gothenburg,20,SE,31,58,2018,1960
1000313,7978.61,3345,f,441,Gothenburg,20,SE,31,59,2019,1960
1000313,8313.85,3345,f,441,Gothenburg,20,SE,31,60,2020,1960
1000314,9610.07,3322,m,640,Stockholm,24,AS,65,45,1998,1953
1000315,16016.28,3350,m,536,Malmo,20,NW,63,24,2013,1989
1000316,7605.21,3333,f,640,Stockholm,18,AS,53,63,1991,1928
1000316,7980.58,3333,f,640,Stockholm,18,AS,53,64,1992,1928
1000317,6174.52,3323,m,337,Helsingborg,2,SE,33,23,2005,1982
1000317,6308.45,3323,m,337,Helsingborg,2,SE,33,24,2006,1982
1000317,6445.29,3323,m,337,Helsingborg,2,SE,33,25,2007,1982
1000317,6585.1,3323,m,337,Helsingborg,2,SE,33,26,2008,1982
1000317,6727.94,3323,m,337,Helsingborg,2,SE,33,27,2009,1982
1000318,4705.47,3344,f,536,Lund,18,SE,81,59,1989,1930
1000318,4768.68,3344,f,536,Lund,18,SE,81,60,1990,1930
1000318,4832.73,3344,f,536,Lund,18,SE,81,61,1991,1930
1000319,6500.98,3330,m,729,Alingsås,13,NW,68,57,2020,1963
1000320,6673.35,3325,f,536,Umeå,3,NW,7,47,1987,1940
1000320,6907.54,3325,f,536,Umeå,3,NW,7,48,1988,1940
1000320,7149.95,3325,f,536,Umeå,3,NW,7,49,1989,1940
1000320,7400.87,3325,f,536,Umeå,3,NW,7,50,1990,1940
1000321,2360.84,3310,m,640,Norrkoping,23,NW,15,28,2024,1996
1000322,3695.68,3356,m,536,Malmö,9,AS,66,30,2003,1973
1000322,3846.47,3356,m,536,Malmö,9,AS,66,31,2004,1973
1000323,8105.34,3337,f,337,Eskilstuna,9,SE,42,53,1984,1931
1000323,8423.42,3337,f,337,Eskilstuna,9,SE,42,54,1985,1931
1000323,8753.99,3337,f,337,Eskilstuna,9,SE,42,55,1986,1931
1000324,7524.21,3341,m,536,Uppsala,28,W,7,56,1990,1934
1000324,7647.8,3341,m,536,Uppsala,28,W,7,57,1991,1934
1000324,7773.43,3341,m,536,Uppsala,28,W,7,58,1992,1934
1000325,6671.5,3357,m,729,Norrkoping,17,SE,29,20,1982,1962
1000326,6090.5,3321,m,337,Uppsala,30,A,19,22,2015,1993
1000326,6207.2,3321,m,337,Uppsala,30,A,19,23,2016,1993
1000326,6326.15,3321,m,337,Uppsala,30,A,19,24,2017,1993
1000326,6447.37,3321,m,337,Uppsala,30,A,19,25,2018,1993
1000327,7772.07,3314,m,536,Alingsås,19,W,34,43,1987,1944
1000327,8064.48,3314,m,536,Alingsås,19,W,34,44,1988,1944
1000327,8367.9,3314,m,536,Alingsås,19,W,34,45,1989,1944
1000327,8682.73,3314,m,536,Alingsås,19,W,34,46,1990,1944
1000327,9009.4,3314,m,536,Alingsås,19,W,34,47,1991,1944
1000328,5356.97,3335,m,441,Gothenburg,3,AS,5,49,1998,1949
1000328,5482.11,3335,m,441,Gothenburg,3,AS,5,50,1999,1949
1000328,5610.18,3335,m,441,Gothenburg,3,AS,5,51,2000,1949
1000329,3524.3,3329,f,337,Malmo,24,W,72,59,1995,1936
1000329,3612.55,3329,f,337,Malmo,24,W,72,60,1996,1936
1000329,3703.0,3329,f,337,Malmo,24,W,72,61,1997,1936
1000329,3795.72,3329,f,337,Malmo,24,W,72,62,1998,1936
1000330,6980.86,3325,f,441,Umeå,5,AS,97,20,2006,1986
1000331,4576.72,3310,m,729,Gothenburg,25,SE,42,62,2004,1942
1000331,4641.98,3310,m,729,Gothenburg,25,SE,42,63,2005,1942
1000331,4708.16,3310,m,729,Gothenburg,25,SE,42,64,2006,1942
1000332,7714.6,3355,m,536,Vasteras,9,SE,18,25,1982,1957
1000332,8076.89,3355,m,536,Vasteras,9,SE,18,26,1983,1957
1000333,2329.31,3316,f,640,Uppsala,17,SE,74,28,2020,1992
1000333,2359.77,3316,f,640,Uppsala,17,SE,74,29,2021,1992
1000333,2390.63,3316,f,640,Uppsala,17,SE,74,30,2022,1992
1000333,2421.9,3316,f,640,Uppsala,17,SE,74,31,2023,1992
1000334,10567.61,3328,m,536,Norrkoping,9,NW,30,40,2005,1965
1000334,10810.48,3328,m,536,Norrkoping,9,NW,30,41,2006,1965
1000334,11058.93,3328,m,536,Norrkoping,9,NW,30,42,2007,1965
1000335,7767.86,3359,f,441,Stockholm,25,NW,17,57,1986,1929
1000335,7879.16,3359,f,441,Stockholm,25,NW,17,58,1987,1929
1000336,8892.65,3332,f,536,Gothenburg,25,SE,68,33,2008,1975
1000336,9150.04,3332,f,536,Gothenburg,25,SE,68,34,2009,1975
1000336,9414.89,3332,f,536,Gothenburg,25,SE,68,35,2010,1975
1000337,16518.99,3354,m,337,Stockholm,20,W,90,22,1993,1971
1000337,16784.29,3354,m,337,Stockholm,20,W,90,23,1994,1971
1000337,17053.86,3354,m,337,Stockholm,20,W,90,24,1995,1971
1000338,20903.39,3329,m,640,Malmo,9,SE,86,31,1981,1950
1000338,21847.7,3329,m,640,Malmo,9,SE,86,32,1982,1950
1000338,22834.66,3329,m,640,Malmo,9,SE,86,33,1983,1950
1000338,23866.21,3329,m,640,Malmo,9,SE,86,34,1984,1950
1000339,10980.26,3310,m,337,Uppsala,2,NW,15,34,1988,1954
1000339,11462.1,3310,m,337,Uppsala,2,NW,15,35,1989,1954
1000340,1487.0,3311,f,337,Linkoping,3,W,9,32,2021,1989
1000340,1551.36,3311,f,337,Linkoping,3,W,9,33,2022,1989
1000340,1618.51,3311,f,337,Linkoping,3,W,9,34,2023,1989
1000340,1688.56,3311,f,337,Linkoping,3,W,9,35,2024,1989
1000341,3720.0,3320,m,640,Stockholm,30,A,6,56,2007,1951
1000341,3832.69,3320,m,640,Stockholm,30,A,6,57,2008,1951
1000341,3948.81,3320,m,640,Stockholm,30,A,6,58,2009,1951
1000341,4068.43,3320,m,640,Stockholm,30,A,6,59,2010,1951
1000342,5103.46,3327,f,536,Stockholm,9,NW,23,48,1989,1941
1000343,7431.09,3313,m,640,Vasteras,3,AS,61,37,2004,1967
1000343,7632.71,3313,m,640,Vasteras,3,AS,61,38,2005,1967
1000344,10903.0,3355,m,729,Huddinge,12,A,100,50,2014,1964
1000344,11165.17,3355,m,729,Huddinge,12,A,100,51,2015,1964
1000344,11433.65,3355,m,729,Huddinge,12,A,100,52,2016,1964
1000344,11708.58,3355,m,729,Huddinge,12,A,100,53,2017,1964
1000345,3691.89,3348,f,536,Gothenburg,8,SE,40,21,1997,1976
1000346,6725.38,3320,f,729,Malmo,4,AS,29,35,2022,1987
1000346,6865.78,3320,f,729,Malmo,4,AS,29,36,2023,1987
1000347,3892.08,3321,m,441,Linkoping,6,A,45,35,2017,1982
1000347,4060.04,3321,m,441,Linkoping,6,A,45,36,2018,1982
1000347,4235.25,3321,m,441,Linkoping,6,A,45,37,2019,1982
1000348,5382.58,3346,f,729,Stockholm,5,W,72,56,1992,1936
1000348,5555.85,3346,f,729,Stockholm,5,W,72,57,1993,1936
